sender_id,receiver_id,message_count
80,44,34
96,45,34
3,79,2
75,23,3
15,51,2
91,72,47
97,68,44
79,74,35
100,35,46
4,8,22
80,79,23
66,20,13
94,6,24
15,19,15
62,82,23
14,75,44
58,51,11
60,70,22
55,58,27
56,43,4
76,41,34
74,33,30
53,99,9
2,38,31
74,53,42
94,71,37
44,56,17
26,34,50
47,5,22
79,33,23
33,27,41
57,28,10
27,1,15
32,31,42
25,12,35
70,83,50
89,35,22
91,71,6
61,7,24
30,55,35
14,72,10
55,86,18
4,88,5
93,3,12
92,57,3
58,90,32
35,76,23
11,34,49
48,93,21
19,77,42
44,55,8
65,86,7
23,20,11
29,89,7
20,25,31
69,48,26
57,10,19
71,15,2
36,11,42
71,96,49
28,4,27
88,2,30
22,26,9
38,96,1
44,50,5
70,59,37
37,69,13
99,55,24
38,29,18
27,50,17
19,77,18
42,57,39
82,7,45
72,97,35
27,50,26
24,54,49
79,58,17
5,3,39
63,25,26
88,33,26
38,28,17
26,11,18
52,87,22
94,39,38
28,93,9
94,12,9
16,63,40
44,91,42
10,80,7
8,49,45
78,97,31
31,28,23
19,1,30
32,11,22
43,91,16
72,64,3
28,38,41
43,57,30
91,10,4
18,40,31
18,66,50
53,44,33
94,99,18
73,35,48
63,94,49
34,87,10
74,13,30
80,75,22
86,100,49
81,87,39
45,18,31
63,22,6
3,94,25
3,2,30
35,46,34
47,77,22
9,25,14
14,42,25
81,59,9
20,54,33
64,75,18
86,78,10
13,2,50
18,29,38
79,9,32
49,14,17
9,77,1
39,27,13
43,8,49
41,60,32
80,2,5
96,74,42
33,79,10
23,96,38
14,13,47
25,7,36
76,41,39
93,9,50
61,49,47
74,9,25
87,91,32
32,64,9
95,47,34
80,75,11
6,99,45
69,84,11
93,47,16
53,42,19
36,75,30
88,76,27
3,96,17
81,28,20
83,62,48
15,68,16
61,59,3
90,30,1
57,99,24
70,84,9
20,94,47
68,33,2
30,50,49
39,46,35
69,55,42
28,25,48
54,23,37
8,81,38
1,26,14
8,80,9
74,68,18
14,76,26
84,75,13
33,91,34
90,13,5
18,89,45
68,21,11
70,52,2
10,14,1
95,70,20
82,36,33
20,14,9
72,33,8
36,52,21
28,31,10
25,76,21
80,12,4
69,72,49
28,54,49
98,93,28
17,72,37
73,77,35
48,28,4
78,8,5
100,38,24
26,25,36
86,100,16
13,93,16
12,85,19
71,17,37
44,3,47
28,67,41
53,13,15
68,44,19
64,74,4
61,33,47
18,23,24
71,31,27
20,54,35
7,52,8
25,98,27
57,26,38
70,32,42
76,46,14
86,100,39
47,33,22
100,65,15
85,58,39
46,93,25
37,41,16
79,60,19
45,85,35
31,12,24
77,78,30
86,10,10
64,15,1
59,98,6
45,71,45
98,84,28
72,88,34
16,21,31
20,35,23
77,64,12
60,58,41
50,90,50
18,80,4
28,92,32
30,43,20
100,82,50
97,47,6
11,60,21
73,31,38
94,47,20
9,21,3
6,58,37
7,46,21
70,42,21
23,64,14
66,1,12
60,89,48
61,98,19
75,20,20
7,73,18
33,85,7
81,68,12
34,38,8
59,63,35
3,42,17
64,37,30
8,18,29
68,4,41
25,56,24
12,33,34
57,19,9
57,97,4
47,38,30
98,28,48
57,63,22
53,20,28
55,11,10
34,43,50
58,35,24
68,84,9
87,51,19
40,13,12
65,30,48
26,29,12
78,46,46
64,50,43
50,72,8
28,77,9
10,6,10
32,70,31
74,38,34
36,51,10
54,82,48
96,31,28
59,28,39
23,76,50
22,87,49
43,11,5
92,35,42
75,38,34
99,32,48
67,38,43
95,88,17
66,39,30
25,88,7
13,57,42
65,43,24
29,92,7
34,51,42
73,33,24
5,78,3
68,4,36
81,60,44
65,80,28
53,91,38
63,77,27
30,94,41
77,36,43
97,54,5
93,98,42
12,15,49
40,16,40
59,16,45
75,73,12
37,74,2
22,69,32
87,13,9
68,27,35
49,20,9
53,79,23
32,17,7
100,3,15
79,44,24
36,74,44
17,4,22
83,31,40
90,61,12
39,59,32
58,49,34
31,40,38
13,60,27
69,74,8
99,72,18
40,80,50
44,92,4
30,49,16
69,26,45
46,24,7
23,99,50
94,4,11
20,67,23
79,28,1
21,13,16
30,17,16
90,79,13
48,25,39
86,81,31
21,64,5
39,36,5
53,78,4
41,83,48
32,68,12
53,72,20
5,10,16
7,88,39
72,50,25
67,98,26
5,69,8
48,20,28
15,28,5
64,27,43
69,34,40
96,10,21
57,79,38
41,1,38
63,79,46
78,51,17
2,10,44
67,39,28
25,81,50
92,91,16
57,83,11
28,93,19
11,60,11
75,100,2
97,36,2
85,36,35
52,69,36
44,22,29
57,26,2
66,86,12
50,70,15
21,77,32
78,49,50
58,44,11
49,73,30
3,16,14
16,13,49
26,77,15
97,28,35
48,62,44
95,77,50
94,75,32
1,23,2
6,26,23
13,27,35
90,84,49
32,56,14
60,21,6
93,39,38
23,37,28
38,19,17
87,41,4
71,24,34
63,80,23
93,6,49
94,63,39
64,100,26
95,27,26
67,3,2
25,12,9
99,16,13
42,95,30
22,96,22
99,53,24
77,61,8
95,60,10
99,41,38
26,14,33
16,10,43
2,26,34
48,78,25
42,24,15
39,68,31
41,53,14
28,59,22
55,98,10
83,59,19
14,50,22
94,76,22
22,63,6
19,23,37
30,65,18
63,43,29
88,54,25
14,74,31
83,15,2
38,12,17
81,28,23
41,46,20
43,26,25
94,1,30
92,37,13
54,77,47
79,96,28
92,21,17
55,50,32
73,53,2
88,75,5
54,92,46
8,96,44
81,71,1
2,30,39
95,31,16
59,30,10
84,92,49
54,66,37
31,62,6
55,88,33
75,24,47
33,46,27
77,15,7
60,5,12
25,81,27
13,92,29
41,54,37
32,17,38
78,42,45
61,49,29
25,10,22
1,37,36
8,40,16
13,70,41
50,16,6
15,1,36
81,70,33
90,91,9
62,50,17
88,10,8
59,92,48
18,23,34
64,26,37
26,63,23
54,57,25
82,49,1
45,67,9
72,17,10
7,19,21
79,23,27
44,69,22
32,22,22
71,14,50
57,29,24
70,3,8
52,88,30
15,43,43
54,18,37
95,12,31
78,7,43
91,87,44
8,56,12
28,12,36
58,76,42
43,17,39
62,58,20
71,57,17
81,99,26
43,77,19
28,67,42
30,5,28
21,54,15
65,70,46
69,23,16
65,67,30
31,90,6
68,83,47
8,66,35
10,58,49
81,18,31
59,57,16
69,65,1
80,31,9
43,69,47
63,40,18
100,86,1
62,33,33
48,76,47
9,18,24
57,46,11
87,38,41
55,4,7
1,58,49
81,77,15
87,37,42
58,16,49
12,6,1
90,19,40
83,23,5
82,20,25
82,4,36
53,46,46
2,26,16
91,49,29
39,46,23
97,25,43
32,67,2
6,40,39
37,41,23
54,38,11
41,84,16
90,30,4
87,52,17
77,21,48
92,53,26
21,13,5
36,27,8
97,32,22
71,46,34
49,55,26
9,30,30
18,14,45
12,23,49
13,93,21
98,74,27
48,42,45
68,98,48
49,34,41
74,1,9
15,95,25
91,23,29
36,11,50
95,28,3
21,92,26
35,42,1
27,77,22
64,51,35
94,21,43
79,10,8
44,29,16
63,64,13
10,19,43
98,68,17
69,11,16
32,77,42
39,2,28
34,35,47
31,65,21
45,84,19
25,6,27
19,9,6
6,45,29
85,10,37
10,99,33
66,69,6
96,30,43
48,11,14
71,11,1
44,71,25
30,40,1
84,2,31
33,69,3
29,10,24
72,18,4
65,50,10
54,87,7
15,73,48
58,26,22
97,19,6
72,63,44
23,26,49
99,78,34
35,18,41
59,11,24
91,40,19
6,27,24
52,47,38
61,78,15
48,71,16
96,79,18
17,54,28
17,94,22
15,11,15
16,90,28
80,52,37
12,72,42
90,49,30
32,90,15
11,22,48
1,70,40
85,81,30
84,5,20
53,87,24
84,63,19
82,29,20
35,85,17
19,46,24
24,87,29
37,41,37
74,17,30
49,28,49
38,81,29
96,44,17
84,86,14
95,23,16
77,3,33
1,60,11
48,65,7
57,2,46
62,88,8
95,88,7
93,70,39
26,89,20
71,31,38
6,25,38
69,2,48
46,31,4
53,35,23
35,100,7
96,72,20
27,82,9
37,36,45
6,38,42
3,57,28
92,85,48
42,3,18
14,76,29
3,33,49
10,14,34
57,34,50
58,68,14
18,41,38
38,12,16
17,9,43
98,88,46
95,88,35
97,87,30
77,38,47
71,72,31
16,33,31
53,62,47
36,18,28
93,60,12
32,43,29
18,9,7
81,54,10
11,97,24
37,17,19
86,64,6
72,99,14
80,61,48
60,86,49
25,44,9
20,90,35
52,22,27
67,54,26
3,11,45
26,13,43
28,39,27
36,82,43
3,7,35
55,75,38
81,45,6
74,37,23
64,44,44
83,49,30
83,75,36
32,47,48
59,27,12
37,18,46
82,88,42
74,71,18
78,88,25
14,72,33
91,5,25
70,43,24
2,61,12
45,19,38
79,53,23
19,26,10
42,77,48
86,18,23
87,10,36
33,55,39
28,24,40
64,11,7
17,25,22
46,25,16
2,24,6
31,25,8
74,24,37
74,13,11
78,48,22
50,54,6
60,37,34
13,71,22
23,92,2
64,93,35
51,19,20
33,66,15
17,42,28
37,62,42
70,27,27
46,20,29
45,3,46
71,86,14
2,43,20
75,12,16
39,40,47
90,65,29
32,4,46
87,57,14
40,71,49
39,10,45
40,87,48
81,58,43
34,81,35
35,6,15
39,23,15
83,48,33
4,78,36
77,3,47
37,90,1
49,90,32
43,13,25
29,77,37
88,6,39
89,65,28
55,18,40
37,12,42
100,11,23
33,9,25
51,56,31
92,94,10
38,2,29
11,30,45
17,65,45
38,21,26
14,45,45
69,50,3
100,97,1
46,56,29
54,63,40
78,16,18
88,53,35
40,72,2
49,80,16
92,49,24
52,16,1
38,90,22
45,92,37
67,70,2
19,31,20
5,18,29
9,85,40
15,25,1
27,61,29
16,83,5
28,16,32
75,34,46
41,33,25
88,25,8
86,26,25
9,3,25
68,48,47
50,72,50
86,82,21
7,35,35
11,45,43
49,78,21
64,92,26
51,79,34
13,57,18
25,27,47
62,84,46
63,98,38
34,15,38
62,25,30
62,29,41
77,57,39
65,10,5
22,94,36
54,43,10
99,61,7
60,20,7
42,55,6
17,34,16
24,31,1
28,20,18
50,88,12
72,55,49
20,55,43
26,74,27
67,71,38
34,93,42
1,2,18
38,85,29
72,47,50
72,85,46
91,74,10
91,12,32
26,23,19
72,77,50
69,37,46
91,60,29
25,28,48
20,82,25
42,89,6
84,34,5
99,19,42
61,63,10
32,90,6
98,8,29
42,53,37
77,69,26
16,9,19
17,24,49
93,74,35
28,18,26
11,29,17
67,94,48
52,12,31
88,52,26
24,74,4
64,4,17
34,51,27
72,55,49
37,66,34
19,80,50
89,34,29
93,11,6
88,93,35
6,37,45
3,73,44
97,81,14
45,84,17
53,39,11
13,32,1
37,77,17
27,43,32
40,93,44
88,92,33
40,41,2
21,51,9
47,48,8
45,80,44
48,37,2
70,79,35
6,65,11
26,14,11
19,76,36
99,57,23
62,4,25
38,68,4
48,65,34
12,83,16
12,61,1
11,10,36
86,91,34
66,72,18
4,7,37
54,19,25
68,87,33
17,64,20
65,96,44
42,87,39
99,4,46
83,50,11
34,71,38
84,36,45
85,78,50
1,78,4
40,12,33
67,12,19
99,25,24
38,37,3
35,28,13
16,75,23
96,87,31
6,71,27
49,48,7
49,34,5
70,53,47
25,23,46
12,61,25
93,69,18
41,56,38
69,25,43
61,4,48
12,57,22
98,85,11
81,95,48
36,83,8
19,17,50
46,74,40
62,64,48
57,44,34
98,73,27
41,33,45
75,14,45
86,40,33
62,5,13
63,4,44
68,76,26
67,40,50
92,48,7
63,67,32
58,2,34
40,46,38
73,50,23
21,74,22
5,66,15
77,57,34
89,37,5
53,85,11
74,29,21
95,52,34
100,52,2
45,3,8
92,38,37
6,52,20
97,61,35
8,5,36
29,48,17
26,66,34
30,46,43
18,65,42
86,39,28
34,84,10
29,45,6
98,43,13
21,20,45
5,17,29
51,37,49
59,61,49
99,1,12
43,59,21
41,56,4
31,87,31
54,49,1
68,18,16
41,62,44
59,69,38
33,99,28
66,16,9
81,5,31
59,20,1
56,38,41
47,9,47
50,32,5
22,79,38
81,2,21
30,67,11
75,81,43
26,69,28
4,48,15
6,17,3
60,69,9
48,15,5
89,64,18
82,93,24
37,25,2
57,46,7
69,95,38
64,10,2
19,43,3
9,16,19
46,88,34
75,38,39
34,43,1
19,75,14
12,100,35
9,13,45
66,23,43
56,35,26
95,76,13
70,65,47
11,8,20
25,12,49
65,74,23
44,34,26
47,46,12
44,20,26
7,35,39
95,30,3
57,24,20
5,10,23
38,87,27
52,20,46
95,65,4
22,26,30
66,80,8
84,61,19
2,21,43
26,49,48
2,45,7
96,94,16
78,49,36
49,97,21
65,99,26
11,94,39
64,95,10
82,63,1
52,13,30
66,12,25
52,49,41
39,49,3
95,36,7
99,10,2
53,79,17
87,100,30
69,80,15
85,11,9
10,40,14
86,8,46
78,86,25
32,28,5
83,33,49
69,74,41
55,83,19
49,35,14
19,38,45
92,7,49
9,61,13
93,76,19
67,83,19
5,75,15
22,78,33
43,98,38
42,68,42
87,13,26
83,42,23
15,30,3
22,77,41
76,56,11
37,79,22
68,60,32
21,40,22
17,6,3
45,65,12
13,68,7
31,58,37
86,49,15
85,59,42
87,67,39
27,25,36
76,54,45
84,75,38
75,61,39
60,87,29
74,25,16
23,17,8
80,27,44
4,58,19
11,90,19
97,56,18
28,67,27
19,50,31
21,14,24
85,77,39
53,67,4
15,83,48
69,64,41
45,27,45
19,1,4
44,3,49
5,30,25
65,55,18
60,61,43
18,63,13
8,30,12
47,20,27
89,43,39
80,46,19
56,35,2
4,27,18
47,40,28
7,44,34
24,13,47
95,94,48
30,63,1
60,5,34
39,53,43
5,49,1
39,30,36
90,17,44
57,36,47
72,18,25
27,79,13
43,16,23
32,17,32
86,77,26
86,19,18
76,36,46
50,99,45
81,42,40
56,73,15
40,98,28
7,56,29
39,95,49
5,57,19
34,85,29
48,6,47
17,42,47
36,32,39
5,10,1
40,53,47
100,77,34
89,29,26
26,100,1
60,59,15
26,34,44
86,9,13
27,80,9
62,58,45
96,10,27
19,82,11
58,39,34
32,19,30
6,33,7
85,49,11
74,82,28
37,85,26
10,61,21
63,100,39
14,9,35
49,39,13
55,11,48
80,56,40
30,83,20
17,21,42
76,10,13
35,8,7
66,21,35
54,85,28
51,87,2
85,100,26
66,57,25
30,74,22
93,74,49
8,31,20
47,67,40
55,96,22
39,34,17
13,53,24
48,35,26
63,27,46
56,89,25
23,71,14
87,23,20
52,78,27
61,82,43
2,49,16
62,93,29
74,13,20
20,11,33
57,83,34
47,59,29
4,12,36
54,13,8
28,7,21
3,31,8
7,2,7
28,88,1
5,13,22
8,27,36
14,5,47
3,86,35
42,46,43
8,96,26
2,56,10
65,99,29
59,53,48
76,7,42
61,100,33
34,64,42
97,71,18
17,64,19
81,7,11
83,48,8
42,71,50
51,87,2
4,68,15
47,61,19
27,88,22
12,14,49
9,88,33
84,28,20
54,4,31
87,61,19
61,8,32
70,76,8
13,36,39
47,56,7
6,3,18
40,98,23
97,1,37
57,21,5
18,57,42
91,60,44
5,59,7
30,64,17
74,79,14
81,82,2
61,99,32
46,18,32
85,80,37
86,34,11
38,55,22
46,93,47
42,58,12
81,82,24
57,12,13
27,45,31
79,90,50
72,91,39
38,49,8
12,64,30
12,82,5
34,25,29
58,49,33
4,83,24
30,69,28
99,42,32
37,32,16
98,51,6
85,41,33
76,48,43
70,97,48
62,33,17
74,63,2
4,84,19
12,36,22
44,84,19
27,30,19
99,4,18
81,51,34
32,60,48
37,9,12
33,42,19
59,30,8
6,45,32
33,26,50
74,54,37
69,78,2
62,100,32
95,59,17
77,43,46
83,97,14
67,32,20
14,46,2
87,93,18
17,70,49
96,61,37
72,12,32
72,66,35
39,96,40
93,75,48
96,88,33
11,59,44
13,31,33
13,94,35
35,20,38
28,30,37
44,3,28
16,14,31
26,39,16
81,40,15
26,83,45
93,50,41
95,11,3
83,57,7
47,62,41
79,49,37
91,6,36
40,3,9
87,38,22
55,75,36
86,98,18
51,28,49
33,32,14
18,41,34
82,55,28
59,14,18
25,73,27
79,24,10
97,86,11
16,3,44
19,92,31
34,31,31
69,3,48
43,73,11
56,55,31
3,90,13
85,49,42
38,84,4
82,35,4
62,74,44
64,72,17
41,78,10
56,97,42
57,93,18
2,30,5
43,74,4
90,12,17
39,17,26
73,48,17
3,74,28
67,26,24
63,19,28
13,7,26
77,27,17
75,62,27
48,13,23
2,83,5
72,66,4
74,5,4
92,11,5
76,1,44
5,7,15
7,58,38
44,71,38
18,48,42
11,12,14
20,4,44
100,88,20
74,50,45
44,69,48
36,63,38
11,82,25
24,27,15
3,41,49
10,99,5
27,17,31
27,75,42
80,75,19
13,9,30
85,3,4
58,11,7
85,3,6
16,65,27
16,56,21
72,25,34
47,54,6
9,29,18
67,70,50
93,86,24
44,54,26
32,13,26
27,6,9
67,77,31
72,64,17
72,40,19
17,86,48
72,35,38
59,51,37
30,24,4
55,3,7
53,32,21
96,43,25
42,81,49
35,40,25
55,88,14
25,77,17
58,57,4
97,60,7
89,26,8
98,27,21
71,1,23
10,99,12
88,54,15
63,94,38
46,35,5
79,12,7
17,9,34
92,54,50
61,76,8
46,77,38
44,83,2
79,67,28
15,40,48
3,92,34
31,83,50
23,5,27
28,21,40
96,40,25
66,99,11
2,5,13
48,99,34
38,34,36
34,78,38
46,42,6
81,47,46
16,96,41
88,47,26
9,54,1
90,21,32
27,81,21
99,16,23
43,17,49
14,52,34
50,87,23
59,63,24
5,63,26
96,70,32
39,78,36
97,77,49
50,74,21
13,87,47
70,57,7
87,84,19
83,59,26
55,67,34
79,46,48
20,37,34
9,13,16
80,36,44
70,85,50
97,25,36
6,13,47
73,95,17
19,60,23
57,100,13
81,6,47
84,90,19
59,87,31
39,71,49
44,10,25
14,63,18
35,1,30
81,5,48
27,44,18
80,6,35
22,8,14
73,51,14
76,5,40
47,7,48
28,45,7
64,60,11
48,13,24
17,6,40
6,94,39
39,66,49
11,64,15
50,84,48
44,17,15
5,39,33
91,37,48
20,57,14
97,58,36
21,56,33
49,39,36
69,54,50
90,15,4
11,100,46
26,87,39
93,100,22
20,45,5
11,99,25
44,100,22
62,23,32
50,16,20
7,1,36
65,11,20
80,19,28
13,67,2
84,100,27
61,34,28
86,89,25
1,88,22
37,59,16
34,61,45
71,68,42
41,43,6
70,59,31
43,60,24
73,37,20
73,20,34
61,69,20
46,9,45
49,70,7
100,32,4
51,70,32
52,80,42
16,65,36
83,34,48
18,93,28
50,21,48
52,67,46
48,72,13
1,27,34
15,17,50
92,39,32
35,86,29
36,47,33
92,36,28
78,85,47
68,82,11
68,29,28
48,97,7
51,61,29
56,59,38
96,35,41
12,23,35
58,37,50
89,88,2
92,77,22
74,13,47
45,88,6
87,43,22
15,19,44
49,85,3
67,9,16
1,9,18
86,33,10
43,54,10
62,100,35
98,41,40
30,80,31
44,23,30
82,22,50
95,25,4
53,36,12
71,55,17
5,20,31
48,1,7
46,30,19
8,46,16
86,3,24
93,41,37
11,54,20
63,75,39
21,69,33
85,64,37
75,60,14
55,68,31
81,33,1
97,68,26
73,38,46
77,12,9
2,46,39
23,80,30
71,7,48
26,76,49
65,94,13
15,30,25
50,44,33
98,26,49
26,37,31
75,18,26
32,90,34
30,25,6
11,8,50
68,76,44
68,38,3
13,77,12
39,30,40
44,97,20
27,66,4
34,24,43
43,55,43
7,77,29
43,45,1
22,70,46
49,85,17
77,96,3
37,35,48
42,60,2
30,88,31
15,16,27
85,21,25
93,33,4
49,43,23
57,12,25
96,2,13
60,17,26
43,53,28
80,84,26
91,93,33
34,60,43
44,3,37
67,37,26
27,28,38
52,72,43
68,81,16
15,74,35
43,55,41
100,35,18
96,75,47
51,9,2
54,36,18
45,68,31
58,79,20
28,64,11
4,46,38
77,63,34
81,77,50
74,19,36
38,57,29
70,36,17
41,59,25
13,2,9
51,70,19
61,28,35
12,4,47
70,5,25
71,89,20
88,49,37
23,41,24
71,33,3
27,7,20
57,79,25
12,51,34
17,83,34
39,92,33
60,66,25
29,23,38
74,11,22
41,87,29
92,87,31
57,39,39
76,20,6
88,53,34
42,6,19
7,93,39
7,47,12
8,89,35
31,46,45
53,11,25
11,36,11
74,59,47
76,62,47
30,51,46
3,81,49
73,61,21
78,82,23
30,16,28
6,31,28
79,73,8
39,50,21
61,79,38
68,30,36
81,50,22
12,9,12
42,46,29
4,10,10
34,18,32
23,64,34
60,94,11
87,10,26
8,29,33
86,39,35
36,48,24
5,45,50
50,49,50
46,45,11
13,87,35
66,8,24
18,93,32
7,39,18
43,48,39
73,98,29
54,23,11
29,15,42
22,66,35
62,53,22
2,16,36
29,84,17
10,97,35
55,31,6
78,27,5
36,10,9
65,47,50
68,98,21
68,5,36
22,72,10
59,2,15
86,46,47
27,49,41
12,10,15
80,35,32
88,1,50
34,56,24
59,41,41
10,91,2
31,87,14
89,12,19
21,93,21
48,10,5
23,4,37
71,99,49
34,74,13
74,56,31
91,80,29
83,11,49
42,39,30
25,28,24
38,23,4
97,15,46
65,61,35
27,6,34
38,100,4
43,57,25
98,48,26
31,33,11
2,26,15
61,34,26
23,86,22
94,2,31
38,23,31
83,66,39
82,74,7
57,65,22
40,97,10
82,90,26
98,23,49
46,96,44
41,12,35
49,28,23
65,53,10
21,15,49
14,53,44
15,88,31
14,74,15
90,35,35
32,2,22
46,19,15
11,60,7
25,11,49
69,4,6
12,79,35
77,38,18
67,33,23
15,67,45
61,49,35
67,13,40
11,47,27
73,41,14
38,30,12
29,88,17
95,57,12
10,3,43
98,39,29
82,97,36
91,16,44
10,27,10
71,87,11
42,67,36
67,84,49
24,54,30
89,62,49
77,46,4
71,72,36
8,92,27
63,34,23
35,89,15
65,27,27
62,71,35
7,19,33
7,50,22
6,42,7
77,33,45
51,92,30
28,50,43
85,83,25
27,28,1
32,16,35
92,47,30
34,92,15
67,59,5
6,45,28
10,50,43
59,27,35
53,81,38
60,92,35
84,57,4
72,98,42
26,83,18
63,24,3
96,93,22
61,26,49
62,32,4
1,26,12
50,38,3
45,72,33
44,12,20
48,100,34
70,74,40
18,91,11
23,41,43
24,86,16
55,81,7
43,83,29
39,71,30
22,68,8
2,43,1
97,86,4
3,82,19
81,63,48
72,71,36
28,50,39
41,81,48
81,3,41
96,55,34
58,68,33
74,6,1
11,96,4
52,75,1
100,46,2
77,91,3
33,14,18
13,93,38
76,100,3
20,24,43
55,36,43
91,18,43
85,34,9
73,27,10
46,47,1
65,36,23
90,19,10
72,28,34
58,16,1
98,72,4
42,3,9
41,79,9
50,36,10
3,81,27
36,42,7
75,11,48
24,72,46
74,67,30
2,47,19
94,11,45
14,44,26
71,36,15
3,38,43
54,44,7
20,84,23
62,37,8
65,57,14
64,8,43
76,40,14
98,58,25
11,71,13
52,94,40
97,76,46
86,46,2
88,83,10
95,89,1
24,4,37
50,52,14
89,36,1
51,81,3
92,30,7
15,90,29
94,69,5
88,28,28
87,10,43
35,8,15
1,75,1
32,36,49
69,47,6
2,67,18
78,39,41
90,26,16
9,30,16
29,36,49
90,7,16
99,85,15
17,12,18
85,60,44
63,61,49
52,35,40
5,34,27
74,55,14
12,77,1
48,98,6
35,77,34
15,17,21
56,2,32
18,70,45
29,42,7
43,73,31
38,68,11
2,31,44
86,51,7
60,85,25
48,59,35
91,70,3
2,96,50
87,43,32
91,40,47
53,36,7
70,9,31
62,46,11
89,84,30
94,69,31
88,72,9
3,20,22
13,74,41
21,55,44
96,44,9
79,5,31
83,31,12
32,34,16
44,37,28
61,40,28
5,50,3
85,71,40
36,89,3
91,2,5
79,12,25
25,7,18
85,84,32
84,7,10
90,33,24
49,18,11
66,56,31
31,56,13
75,16,40
36,77,26
93,27,14
48,60,22
67,76,21
84,67,47
72,41,36
73,26,27
100,27,29
81,26,33
39,60,15
94,79,6
48,79,13
97,5,5
67,92,50
1,97,50
44,43,23
88,69,19
63,54,24
21,68,36
90,81,46
32,84,43
49,76,21
92,40,5
28,24,16
68,28,49
22,50,45
48,7,49
96,94,38
2,27,32
91,77,29
49,1,28
45,51,8
9,24,1
22,46,36
86,38,7
44,64,3
72,52,10
71,63,35
84,27,26
62,90,1
77,52,23
67,52,11
48,36,48
54,71,33
59,73,11
34,73,9
79,100,6
58,74,2
34,6,24
80,43,23
7,28,15
38,69,19
15,69,48
30,93,40
88,8,11
75,19,22
55,82,2
66,40,17
10,95,10
88,71,42
49,86,23
97,16,35
55,33,5
89,90,5
23,38,25
57,67,4
21,30,19
67,27,32
92,90,7
18,6,31
38,96,45
48,20,27
100,83,45
93,1,31
75,37,4
5,18,37
52,30,8
59,7,34
33,26,34
94,99,20
17,25,21
58,15,47
93,9,38
52,35,12
38,30,47
9,47,39
36,56,28
83,65,7
31,99,37
13,67,4
29,3,34
93,84,22
88,91,37
87,32,43
89,4,20
80,24,30
6,2,43
8,78,47
18,14,21
95,34,44
23,47,3
60,92,27
12,37,20
16,74,27
18,51,10
59,73,15
90,21,29
13,40,49
90,29,13
15,47,22
11,15,37
62,9,32
77,78,3
83,1,9
98,54,43
52,57,18
58,100,10
10,76,37
92,49,40
92,27,36
18,41,25
6,22,5
98,66,23
32,36,31
48,67,35
17,81,6
31,49,38
39,69,3
98,7,31
2,47,19
16,71,45
67,56,9
3,39,22
95,28,23
58,63,32
77,100,47
23,94,7
25,34,6
5,96,14
40,58,1
84,40,19
44,61,25
9,84,9
19,54,23
99,5,35
74,16,3
50,95,4
34,99,30
49,1,5
91,17,40
24,61,45
71,36,30
99,20,34
30,97,50
95,87,46
82,15,20
67,56,49
69,21,14
3,56,48
53,58,5
29,38,12
56,54,30
18,14,21
48,19,25
95,4,30
47,42,41
35,54,39
46,70,18
37,44,25
8,54,50
98,67,13
26,44,14
91,66,37
11,71,33
29,78,46
54,81,47
36,16,45
77,57,11
14,98,31
66,82,8
8,49,41
84,10,27
16,42,32
15,79,17
38,60,17
13,2,34
1,51,7
1,8,14
37,85,43
86,19,46
89,45,42
66,71,46
59,92,12
10,35,44
5,10,5
80,5,41
85,87,17
81,14,6
69,86,29
13,40,30
45,88,35
90,31,45
99,22,50
10,1,23
32,49,15
97,99,18
23,55,20
22,60,36
58,16,50
88,96,17
87,59,26
32,12,4
33,4,47
21,82,16
47,38,30
54,45,41
53,66,42
86,85,42
2,28,7
66,69,12
53,70,40
40,72,38
84,42,5
86,20,44
82,9,47
24,58,45
17,58,30
6,42,39
43,31,50
49,39,48
87,97,24
9,13,39
76,71,18
73,32,6
94,18,3
58,40,16
48,47,21
9,45,6
95,71,38
44,38,43
52,47,20
62,65,30
20,14,49
78,96,27
26,10,37
79,59,33
30,99,28
98,94,5
92,17,12
29,98,18
16,78,9
36,49,38
85,2,20
76,53,47
81,80,21
3,29,49
89,65,28
18,36,36
7,71,1
34,53,14
64,57,40
94,5,25
56,68,18
67,1,18
50,25,46
39,23,34
36,28,20
84,3,11
80,40,6
47,59,32
31,77,19
39,75,43
29,74,25
94,49,42
100,47,13
33,95,35
53,45,14
15,40,46
76,19,40
76,10,50
73,42,43
61,4,22
45,19,13
64,82,8
73,60,37
52,92,36
50,27,27
27,32,50
9,24,48
100,22,23
74,98,21
85,7,2
13,76,41
49,99,1
50,81,9
40,84,22
68,82,44
83,67,47
26,4,22
17,27,8
76,44,31
33,23,13
18,86,17
24,16,46
79,15,48
37,2,23
18,7,4
11,84,20
29,10,27
52,53,50
4,87,25
99,50,25
13,77,39
1,74,46
65,7,47
46,22,46
90,62,15
92,29,41
37,61,12
83,62,29
25,77,19
44,84,7
27,51,8
7,12,6
75,100,14
14,27,3
72,13,9
2,74,2
77,21,27
22,16,47
71,47,21
48,4,47
25,91,23
5,80,17
13,17,8
25,66,27
89,43,2
78,68,8
10,60,4
55,15,47
11,44,46
99,17,5
51,21,39
26,37,32
81,82,2
35,54,45
52,56,32
53,30,47
53,97,9
71,10,40
76,9,2
73,22,26
96,72,23
15,98,1
17,46,17
26,14,11
52,36,45
44,17,2
57,75,15
91,58,33
88,68,48
68,70,7
22,25,48
19,75,45
28,65,23
23,3,45
76,86,9
39,16,25
98,23,16
90,79,3
55,19,26
57,43,31
52,54,8
56,7,12
100,12,22
58,57,1
53,49,7
72,2,39
50,94,25
55,86,47
4,83,25
12,19,19
53,40,46
92,15,18
37,47,33
77,76,49
66,70,49
68,55,3
82,41,14
8,63,8
78,42,3
34,93,30
21,84,32
52,24,35
93,31,26
18,95,20
81,37,15
26,42,32
22,16,30
55,52,45
26,82,32
84,42,30
40,86,24
8,35,50
27,55,33
49,16,25
95,83,42
99,5,27
10,80,33
50,31,8
52,27,7
95,11,30
51,11,41
17,72,11
75,38,20
67,81,4
40,38,16
4,3,39
71,28,43
66,74,9
34,45,47
49,3,19
79,47,44
72,5,26
98,65,44
88,24,28
59,19,6
30,4,6
50,99,48
60,86,14
97,53,15
1,3,29
95,64,48
18,33,25
6,41,22
94,38,43
40,78,10
93,79,31
83,22,23
6,17,45
87,5,43
76,79,48
2,65,22
23,49,38
1,71,11
100,90,42
54,19,16
38,13,19
25,20,13
7,6,22
58,32,4
82,34,42
61,90,15
69,26,15
21,99,21
60,93,35
51,40,2
35,3,33
60,15,47
85,72,50
64,5,47
85,99,10
28,86,20
95,60,4
99,29,13
26,83,10
18,86,23
52,39,26
26,100,5
15,94,50
41,55,28
87,80,27
86,14,40
27,87,35
37,60,28
84,37,43
23,66,12
87,4,10
67,38,8
59,22,24
34,48,18
36,54,17
40,59,33
54,78,12
22,93,10
66,58,4
6,56,15
49,29,34
85,100,39
88,84,49
63,85,33
4,22,47
10,72,40
1,18,46
79,76,10
76,47,2
55,68,36
46,9,27
46,74,2
100,46,33
93,85,11
19,65,24
3,56,4
30,48,43
98,1,17
45,86,41
12,52,7
65,83,42
26,58,31
94,31,38
73,38,3
40,83,44
75,82,40
100,81,6
8,96,36
97,64,48
1,3,7
25,28,13
13,34,11
89,80,8
49,80,43
28,13,29
77,56,27
79,44,34
51,15,23
40,33,16
18,32,27
29,26,33
59,74,19
20,30,36
22,78,48
39,82,48
63,17,35
43,31,36
99,74,24
66,40,47
59,72,46
6,8,1
20,99,49
4,46,44
36,92,27
34,70,47
98,78,1
52,63,18
45,36,18
36,4,2
94,85,46
72,78,40
73,19,48
13,25,13
79,43,35
85,33,42
87,68,33
97,95,20
60,7,32
12,43,41
29,9,35
22,35,30
85,51,13
29,24,35
29,83,5
79,58,36
83,32,45
100,76,45
55,29,12
72,39,44
71,6,39
65,46,1
23,72,42
32,56,23
53,81,4
90,42,44
86,9,8
60,50,11
29,96,27
99,4,36
47,61,8
75,77,28
58,48,2
78,77,34
19,23,44
76,77,38
12,2,13
42,65,5
81,15,30
1,4,45
82,64,26
60,24,33
40,1,49
59,65,42
80,71,40
89,100,45
61,54,42
33,82,46
66,54,22
59,100,1
14,99,49
19,27,43
77,67,12
83,56,6
58,56,14
14,13,20
96,97,20
38,40,39
87,85,23
51,19,42
10,67,39
77,16,41
66,4,46
80,93,27
78,100,29
35,68,28
90,83,12
6,33,10
29,13,8
26,64,2
7,92,44
42,8,7
1,68,44
89,49,12
3,65,23
22,33,50
74,25,30
31,43,5
22,40,22
12,46,45
39,87,27
3,15,1
88,56,37
99,7,26
76,58,31
50,59,48
56,38,50
21,5,27
12,60,36
34,76,19
75,83,34
18,86,14
94,72,32
58,97,47
87,62,37
6,87,30
92,26,13
38,77,45
74,60,1
72,1,11
97,26,31
59,78,29
63,36,41
75,5,43
37,4,33
77,45,37
12,22,28
98,81,31
61,63,6
58,5,2
73,31,44
5,65,10
44,24,41
85,31,16
69,60,9
94,47,23
36,78,27
60,57,12
96,19,48
67,91,36
40,86,41
100,85,22
5,87,39
58,7,10
29,86,40
39,13,23
98,6,20
38,18,21
62,5,17
74,52,29
97,98,11
76,32,36
98,66,38
24,39,9
62,39,30
34,76,15
26,33,17
69,4,30
1,4,29
28,18,50
5,6,32
43,4,25
27,78,29
1,56,17
67,37,25
79,23,43
2,99,24
72,75,29
66,67,37
9,49,46
58,59,15
46,20,21
4,91,16
83,95,50
88,1,23
56,79,31
23,24,32
52,74,19
31,33,44
20,11,14
70,52,20
38,73,34
36,77,8
66,12,16
83,23,17
87,14,38
74,67,25
85,17,46
92,5,12
50,11,24
99,83,46
92,5,41
62,92,15
93,13,29
37,21,42
47,64,19
5,33,47
47,28,26
98,94,20
94,76,19
43,70,12
100,95,39
86,21,12
40,26,10
99,98,44
78,8,23
38,92,6
81,65,2
61,85,27
44,83,31
32,74,43
38,89,45
79,47,30
57,91,8
11,92,22
99,88,27
63,11,18
27,39,31
75,52,46
64,13,40
69,51,33
50,15,8
94,79,2
75,78,21
11,38,25
33,5,30
77,61,32
69,10,32
75,25,45
78,66,28
39,24,12
78,25,23
62,92,28
70,12,42
79,68,49
30,97,28
85,4,8
47,56,37
43,33,5
20,75,17
42,71,12
73,83,6
32,45,18
49,44,46
35,5,37
65,92,37
88,54,42
42,63,17
75,29,49
3,63,36
84,67,17
45,99,45
37,82,25
93,34,21
24,36,43
20,23,28
40,34,29
55,78,8
31,36,22
34,82,8
8,3,50
48,69,39
90,25,26
58,33,40
57,25,12
42,11,39
37,43,43
38,19,41
5,41,2
91,5,26
67,17,38
47,36,29
34,95,46
12,18,43
27,62,5
13,61,32
56,76,7
40,39,41
79,87,21
69,9,28
10,19,46
30,99,49
45,71,2
33,1,24
30,70,10
66,30,16
59,35,28
21,98,7
44,26,1
4,69,34
22,99,24
86,76,49
53,12,37
55,30,5
18,96,6
4,60,19
75,43,10
1,13,19
44,98,33
94,85,14
45,4,1
39,33,16
19,54,33
89,42,24
7,89,38
40,78,22
99,100,32
66,36,7
7,64,7
91,29,33
88,29,33
17,63,29
36,97,43
90,97,13
43,36,37
35,93,13
32,35,15
42,48,37
14,57,17
50,84,38
39,87,5
61,6,31
1,4,41
89,11,3
41,16,40
9,8,36
38,31,6
28,6,43
95,25,1
48,36,30
89,45,3
17,61,28
6,98,37
24,8,28
76,67,22
75,84,24
33,61,4
51,93,34
77,47,44
78,77,8
9,7,11
100,80,29
44,53,2
44,15,13
20,28,8
28,98,6
35,15,44
79,45,26
98,62,40
8,13,24
83,6,47
54,63,16
97,61,23
53,48,12
83,11,22
26,69,47
56,24,16
100,97,49
37,87,29
22,14,13
51,18,30
25,100,24
45,33,9
39,61,8
29,97,24
92,20,37
6,24,41
18,72,45
41,66,8
38,100,18
25,11,47
7,69,26
52,62,37
34,37,8
1,46,12
44,70,50
97,66,47
1,22,32
3,26,48
12,68,32
14,90,38
3,97,15
64,6,3
53,100,40
85,44,14
91,7,16
13,12,45
64,33,9
17,67,31
95,98,20
45,50,45
100,8,7
94,81,44
29,69,14
16,11,47
12,93,15
92,79,35
73,80,8
85,38,43
84,53,24
11,76,12
47,86,9
37,26,46
47,4,42
76,51,14
9,66,31
9,87,8
57,30,21
69,32,38
83,52,4
76,20,8
94,74,2
81,47,12
4,32,11
47,32,26
64,5,50
94,73,33
94,69,45
42,98,18
17,85,29
100,38,47
40,8,28
10,14,38
14,27,11
28,30,31
82,1,33
78,65,13
57,54,14
30,41,7
76,25,4
62,61,34
54,99,30
11,56,24
73,53,16
8,65,50
24,38,1
10,20,19
63,57,43
56,87,31
75,91,4
32,44,13
50,84,47
82,2,41
88,72,44
52,96,32
89,82,31
91,53,49
54,47,31
4,82,11
28,7,17
7,23,25
79,37,41
66,67,35
4,100,46
84,4,32
91,73,10
34,94,43
15,68,45
37,55,43
51,87,46
100,11,13
28,99,37
53,84,9
19,21,6
23,20,1
50,56,4
56,13,2
68,49,50
6,79,30
93,36,46
42,25,12
24,65,44
82,17,47
13,2,15
47,58,49
86,5,34
29,69,49
30,36,1
48,54,34
41,80,28
77,67,35
100,88,9
32,84,21
98,82,4
86,82,42
54,48,27
79,50,41
27,23,41
76,43,34
70,10,1
57,17,9
6,54,11
63,52,7
95,55,23
88,74,3
14,96,43
74,3,34
26,6,40
85,20,35
42,8,27
27,22,3
43,25,11
61,75,27
55,1,13
42,93,48
85,70,10
40,63,4
7,100,23
46,30,2
86,84,4
21,84,50
47,86,37
28,93,21
73,8,38
33,80,16
94,78,36
35,98,36
59,11,49
72,13,5
6,62,4
60,30,4
94,51,13
8,47,21
94,64,14
89,87,11
93,77,42
80,99,4
67,34,9
72,48,48
15,95,49
72,1,16
85,69,33
37,73,28
52,95,47
20,95,10
83,84,50
31,53,10
48,64,12
46,45,40
78,32,3
46,28,21
42,3,7
68,36,3
96,46,26
97,8,45
68,7,27
67,99,12
50,86,21
94,89,9
15,26,38
58,13,48
82,40,37
49,63,50
44,69,19
84,53,38
42,68,28
46,94,6
40,57,45
71,88,16
77,42,41
96,73,38
38,76,12
84,70,46
6,21,2
12,16,8
39,1,12
40,1,50
39,60,39
28,73,36
14,73,47
85,25,47
29,80,15
99,21,25
30,25,21
32,17,48
61,100,12
85,14,4
84,21,35
40,9,18
60,32,50
19,32,30
72,2,18
66,39,32
53,64,8
56,21,8
63,92,34
20,9,39
57,13,31
39,74,15
14,11,30
78,26,3
78,24,13
60,76,31
46,4,12
61,65,47
58,78,24
3,4,4
87,93,4
6,96,38
31,51,23
4,29,19
55,76,49
47,61,46
68,74,20
54,63,41
82,7,6
26,55,16
59,6,44
86,43,31
51,18,33
91,45,49
22,30,1
51,40,23
53,45,5
27,50,28
96,75,34
54,20,2
77,13,29
89,71,22
12,87,37
62,57,46
93,94,34
6,89,33
49,96,12
38,68,10
43,16,36
53,6,36
59,7,45
96,80,33
34,39,43
99,100,40
44,47,19
85,67,11
89,80,48
89,11,4
68,64,19
38,99,11
65,11,32
42,9,22
83,1,5
33,32,15
66,15,19
37,91,19
18,86,22
82,96,26
18,36,42
76,14,17
15,13,34
37,43,18
70,17,33
10,18,20
22,17,40
40,2,15
5,50,22
84,69,39
97,75,17
33,80,31
47,35,32
18,27,13
93,92,22
44,61,46
81,23,7
38,92,16
72,28,11
99,66,47
63,12,27
92,22,24
20,21,23
22,69,35
32,45,16
46,69,41
85,86,20
42,43,4
79,100,40
58,70,15
93,11,23
89,76,25
10,67,36
72,9,34
22,73,10
73,51,4
46,14,40
37,33,30
95,58,21
6,73,38
17,77,18
34,45,36
18,93,22
71,49,8
42,48,24
37,39,9
5,83,22
32,55,49
79,64,18
93,71,23
80,44,14
16,5,39
87,25,29
80,58,11
34,22,29
33,62,24
33,31,33
46,5,6
71,23,7
86,43,6
35,51,2
90,100,11
33,9,22
53,75,6
6,95,18
61,69,33
7,25,11
78,74,43
83,37,40
93,71,4
58,77,34
85,36,46
47,43,14
15,60,41
38,77,20
97,36,21
62,2,16
79,26,10
87,43,15
81,78,42
40,56,46
32,41,41
64,85,33
56,53,46
18,98,50
84,69,38
57,62,9
94,4,50
17,39,42
54,40,33
24,37,4
51,31,43
34,71,11
92,8,23
97,46,5
34,94,21
52,2,17
16,56,50
55,66,24
76,49,27
28,38,41
59,19,28
95,67,6
58,99,1
55,98,25
2,60,49
62,36,27
43,20,10
13,74,6
12,11,47
84,51,40
33,57,13
60,79,10
88,82,39
95,71,37
18,59,40
8,31,11
41,84,10
68,19,25
42,39,39
13,24,40
9,72,33
94,33,19
1,11,15
49,19,3
62,67,32
65,69,24
95,65,12
36,40,43
10,78,49
90,24,35
10,6,42
44,6,33
43,38,48
53,25,50
56,92,26
6,26,20
80,30,16
10,58,28
59,22,44
34,38,5
4,98,24
64,63,48
99,88,42
42,76,3
82,20,1
15,3,1
81,99,34
100,60,26
78,22,42
98,76,29
70,81,23
75,68,21
34,65,33
6,90,3
91,96,9
77,60,12
51,20,11
85,44,15
17,19,33
58,75,44
53,88,27
45,80,43
55,25,46
75,96,48
14,23,47
32,49,2
38,19,30
95,16,23
10,53,14
85,27,4
57,63,41
72,64,42
46,8,50
27,40,12
24,64,7
43,53,29
78,83,48
7,88,1
67,63,11
36,44,27
82,33,13
75,93,50
19,58,37
90,49,49
44,75,3
46,1,16
36,21,13
10,62,8
96,79,39
100,3,37
74,37,44
79,83,22
73,42,34
74,8,48
60,3,33
29,34,41
57,25,36
46,92,26
25,100,2
77,91,25
49,40,28
21,86,13
61,5,23
19,81,35
42,95,33
64,8,42
42,99,36
48,75,18
11,60,45
73,36,32
99,71,38
37,68,16
79,60,48
77,2,26
4,86,32
47,87,41
85,79,24
8,64,1
67,94,49
26,76,47
18,19,38
47,63,26
9,69,3
34,1,38
5,54,33
16,100,45
78,53,31
28,35,16
12,29,33
35,22,42
95,29,34
89,39,17
87,96,4
19,93,20
26,72,44
51,37,9
27,68,16
49,96,32
27,17,45
85,60,31
9,19,37
55,72,31
35,67,24
64,57,10
44,48,42
74,22,14
62,64,7
84,24,3
88,59,35
32,93,24
3,43,15
19,18,14
3,46,31
32,21,18
56,72,44
11,65,22
50,73,44
66,86,40
67,100,31
96,26,29
1,67,47
72,28,32
18,13,16
26,78,41
10,76,39
19,48,38
69,72,9
21,36,32
16,61,23
26,88,37
84,45,41
42,28,44
79,77,14
28,96,5
17,64,42
91,57,16
10,62,41
59,65,34
5,71,5
66,85,47
68,3,37
76,59,25
49,2,43
100,88,12
35,16,32
43,40,23
60,45,12
26,25,42
3,39,26
41,88,26
20,66,29
19,50,24
100,65,35
45,64,38
49,58,48
98,21,41
45,21,34
91,48,8
92,56,44
80,92,44
51,18,47
96,64,21
47,23,14
32,26,28
33,75,34
38,21,19
76,77,34
60,93,11
4,5,3
66,46,30
40,80,28
81,1,28
71,72,7
15,25,16
88,55,17
91,77,12
89,65,50
26,77,48
80,15,46
32,88,33
15,11,27
24,9,1
72,61,50
27,83,18
20,5,38
37,86,19
37,1,31
67,80,16
3,89,32
20,15,46
9,27,17
27,14,15
42,71,1
11,13,2
49,79,4
76,9,12
41,95,30
46,9,49
30,67,33
15,98,4
43,72,4
46,63,43
46,14,46
100,63,24
66,98,8
46,26,35
17,6,39
33,41,32
9,15,28
62,48,3
56,1,32
42,64,21
30,14,48
58,88,43
9,55,39
39,98,36
32,62,35
53,87,3
52,13,17
85,74,37
35,65,48
56,69,29
20,89,30
65,32,44
24,16,44
17,8,21
29,49,44
71,78,32
89,99,20
6,62,14
18,77,32
93,85,36
56,99,38
49,33,9
98,65,6
81,74,30
93,53,12
8,45,6
58,84,10
32,70,42
56,75,49
44,13,36
62,56,10
69,7,14
52,72,41
65,22,36
23,68,11
7,47,32
80,39,42
73,35,28
78,57,40
28,72,22
58,17,4
85,94,47
38,45,40
77,73,18
91,89,48
93,26,17
17,92,21
44,68,19
89,34,28
30,22,48
56,72,26
57,50,35
14,99,47
43,93,8
96,49,28
86,11,37
45,44,31
46,93,33
21,8,33
33,36,39
62,50,3
56,36,30
70,83,38
54,2,43
63,67,6
42,58,1
64,11,38
51,26,50
38,75,22
34,45,46
30,38,12
17,35,34
42,93,19
93,10,13
31,88,14
90,7,48
21,81,7
9,45,44
27,17,29
66,26,7
59,81,29
40,84,8
98,2,36
69,19,37
92,11,43
13,2,18
47,15,40
62,91,6
12,81,27
24,11,8
85,50,32
39,15,48
65,94,29
35,32,40
17,38,28
7,83,6
99,70,41
4,27,47
52,63,36
79,67,28
67,1,50
86,66,31
25,44,38
31,80,47
45,4,18
26,91,41
95,51,6
49,24,32
80,100,20
16,4,20
56,44,1
71,15,16
3,92,22
48,31,30
5,30,33
76,24,41
94,38,8
51,67,39
7,59,30
2,68,34
53,57,14
44,7,22
34,87,12
1,71,3
36,81,44
95,69,5
27,73,41
35,33,17
20,81,44
55,74,44
100,71,41
19,74,43
8,41,16
20,28,29
31,19,1
50,92,46
31,95,38
69,82,2
85,68,17
49,54,5
33,75,22
30,100,26
95,72,27
58,85,9
76,1,19
86,90,20
56,76,17
86,43,23
70,51,4
9,65,21
53,70,36
6,14,11
16,96,25
69,11,49
49,33,16
28,67,45
10,33,39
84,24,50
12,37,38
16,18,6
20,31,27
79,82,22
66,37,25
95,89,29
35,52,1
16,15,50
25,23,40
39,47,25
100,78,28
42,6,23
94,33,45
20,2,38
36,64,4
69,2,18
32,53,48
82,57,28
11,49,35
94,1,44
100,90,16
85,73,40
58,68,33
31,9,43
78,28,2
62,45,25
8,19,45
55,67,31
9,34,1
21,48,4
79,20,8
42,32,33
58,20,11
31,80,47
83,24,31
63,24,22
79,54,44
65,53,15
56,15,12
86,5,36
54,78,8
25,68,5
75,58,1
66,38,23
10,5,42
32,20,11
55,58,26
77,74,25
40,68,25
25,89,6
69,88,15
71,22,38
78,72,9
98,36,12
16,70,20
97,3,44
51,69,40
89,100,3
10,21,1
84,87,3
88,12,9
12,29,37
71,76,1
81,92,33
88,70,44
88,18,7
8,61,4
35,1,9
38,29,9
7,86,6
58,26,45
72,11,46
4,60,3
88,38,37
56,40,46
25,84,22
62,51,49
56,92,29
25,38,44
12,55,20
64,43,34
46,17,6
75,62,46
1,79,21
100,44,10
36,77,45
76,51,31
49,19,48
5,91,24
25,23,43
15,68,6
72,70,14
98,95,34
43,94,50
11,21,5
10,64,41
98,27,31
17,53,22
98,7,3
52,30,15
10,8,14
67,51,46
38,36,46
36,76,47
80,51,12
39,34,34
20,14,36
20,23,9
9,25,50
99,28,22
83,8,38
35,19,39
24,80,42
26,6,43
91,64,6
59,33,7
69,91,28
22,89,38
48,10,41
61,86,35
91,22,31
66,87,18
17,22,42
4,55,18
89,9,5
23,87,14
10,29,13
87,95,7
43,72,49
93,8,10
58,67,35
58,63,45
99,44,49
1,10,38
33,8,20
60,53,15
5,21,26
11,8,6
100,39,39
17,45,38
91,58,21
34,76,50
60,18,7
95,71,49
94,97,14
62,6,36
80,55,36
31,63,14
95,32,30
72,26,15
85,11,7
96,85,22
93,82,39
47,87,20
87,95,23
8,96,43
80,55,21
98,15,48
76,16,32
54,98,12
84,47,6
85,28,45
16,37,38
5,68,35
32,10,11
6,99,9
21,92,22
85,47,3
94,42,32
95,31,16
55,94,24
66,81,13
89,37,19
40,39,8
49,71,28
57,51,46
37,78,15
75,68,6
2,17,15
49,8,37
6,60,48
50,62,12
69,15,23
36,33,24
36,89,16
16,86,41
81,72,32
57,14,1
86,28,26
80,18,29
15,98,1
9,16,6
7,2,38
91,64,14
72,21,50
17,10,8
3,72,5
50,63,19
20,44,20
48,86,32
23,9,1
90,27,49
75,18,27
28,52,9
35,13,1
47,46,19
98,33,12
8,98,34
47,34,37
83,93,1
86,83,37
36,66,20
4,8,28
12,6,34
35,12,8
43,99,9
15,63,1
72,5,28
48,54,14
38,42,44
87,64,46
28,34,40
86,82,14
57,99,36
68,12,22
72,14,6
54,88,17
63,31,42
34,96,46
40,60,27
40,93,29
38,28,8
82,32,22
25,83,50
35,79,28
13,86,41
81,44,7
76,2,27
25,90,15
26,37,29
88,85,25
42,39,30
40,8,19
43,33,41
88,36,25
95,73,11
82,86,16
74,87,31
44,52,1
3,72,4
29,67,26
33,87,43
90,88,28
31,56,20
20,82,9
49,89,34
6,82,38
41,60,32
39,95,36
5,88,38
85,47,42
81,13,45
45,2,12
40,84,30
98,97,41
16,54,38
92,67,50
24,96,33
65,40,17
62,77,43
61,98,32
68,25,26
31,71,19
91,83,13
53,66,16
84,51,49
96,97,4
39,40,6
19,39,35
7,73,24
30,53,25
32,44,6
63,91,36
87,65,7
81,51,24
63,61,17
21,79,32
72,84,4
9,85,41
94,53,12
61,6,7
17,65,15
98,71,35
62,57,15
46,51,5
66,60,20
34,25,14
62,25,6
81,18,24
64,11,15
31,17,42
39,30,27
32,79,23
84,24,29
45,28,18
22,43,24
44,82,29
42,21,45
36,95,45
59,91,18
88,51,25
94,30,10
45,11,4
38,71,1
2,48,19
71,14,17
19,93,5
53,70,43
82,35,28
51,82,4
3,35,36
77,88,16
81,29,50
27,100,20
74,16,16
65,74,4
31,86,42
26,84,5
73,95,16
97,95,40
22,98,13
66,17,49
85,22,31
78,20,30
24,92,13
31,69,47
89,21,35
66,92,7
61,76,44
69,18,50
67,78,36
40,82,20
71,43,2
33,89,17
1,53,29
93,61,29
53,37,8
90,85,18
89,76,36
35,11,47
50,37,37
70,49,5
48,84,37
56,10,41
21,24,45
95,2,7
11,32,38
82,57,47
50,27,29
47,79,11
68,84,45
14,10,43
17,64,46
78,2,7
92,48,47
71,33,43
11,6,39
97,36,44
87,51,28
89,49,12
37,68,24
99,85,45
70,98,26
72,87,7
81,16,19
40,84,49
91,68,36
75,73,16
8,51,50
36,38,46
83,70,42
9,29,36
28,32,7
63,87,18
40,93,46
41,17,6
83,16,14
91,23,50
20,35,9
97,36,46
78,72,43
88,54,38
4,88,18
49,44,22
7,40,37
49,30,32
65,76,8
38,44,4
55,48,12
33,59,19
28,25,1
100,64,35
40,37,20
24,65,43
38,100,7
69,88,20
33,59,12
77,50,17
61,51,31
92,31,20
73,13,22
36,56,11
60,25,46
96,83,3
29,22,22
72,93,5
28,54,18
82,44,40
30,57,30
13,67,2
35,19,31
18,53,1
60,94,44
89,9,20
51,72,24
61,21,8
28,3,36
45,7,16
38,70,39
92,21,46
43,13,15
95,52,7
41,15,48
39,6,36
53,71,28
45,7,17
28,46,2
17,81,26
40,28,31
69,100,44
13,97,16
22,31,12
29,50,2
74,79,7
47,21,28
63,81,11
82,28,8
42,64,13
70,80,26
56,73,11
83,59,26
58,6,34
20,91,41
62,33,23
57,100,28
74,1,29
26,32,34
3,92,28
8,85,10
93,46,23
25,27,10
82,3,50
38,15,24
93,20,3
12,53,44
88,34,26
41,6,30
9,83,22
29,90,48
80,42,39
62,75,4
38,97,46
83,58,24
98,97,40
94,48,36
77,16,46
57,89,33
46,42,25
9,94,7
20,63,33
87,69,21
65,76,40
85,59,43
5,67,24
39,93,35
100,43,12
22,21,46
88,23,9
19,45,38
23,58,21
93,2,39
92,7,48
93,20,22
92,32,36
50,82,8
57,87,11
43,89,11
93,73,49
51,38,13
17,66,39
86,26,14
60,38,2
93,94,17
5,31,20
20,92,45
81,9,17
37,47,8
64,93,43
23,93,30
6,3,27
49,86,39
95,32,50
74,27,16
90,8,31
45,87,36
90,46,37
75,9,30
51,85,45
95,70,4
64,10,29
35,56,9
67,92,10
87,64,40
4,5,28
39,89,19
79,13,37
15,62,33
50,62,50
61,39,15
15,78,28
6,78,7
15,1,15
26,83,24
97,89,47
45,98,9
25,58,7
52,53,40
14,3,43
74,13,26
86,28,28
72,6,41
63,1,19
32,46,9
52,48,27
34,26,26
48,83,46
8,38,12
23,84,5
62,76,48
75,58,38
30,55,26
99,70,5
25,62,17
23,34,46
85,9,45
91,11,38
75,45,1
63,96,20
60,58,17
69,20,19
84,48,20
98,95,7
20,39,3
1,5,42
90,64,42
100,83,22
82,55,1
79,83,48
47,97,37
4,8,4
96,73,35
33,85,33
51,56,11
23,56,17
6,44,17
60,17,31
40,4,46
40,44,10
42,16,5
100,98,27
26,79,48
19,28,15
7,92,46
36,3,21
89,84,30
41,16,8
24,60,32
70,95,12
84,6,44
92,65,26
97,61,17
90,92,29
92,54,4
3,91,34
83,89,45
12,4,10
81,93,18
89,47,33
41,80,40
83,75,3
87,100,44
84,32,49
12,13,38
56,63,29
78,20,34
58,55,1
16,8,46
27,47,19
54,38,35
66,10,17
77,99,28
28,79,49
72,46,40
33,79,24
82,53,41
26,49,5
11,17,45
54,80,22
7,53,32
50,56,7
54,1,15
90,37,40
88,41,37
22,68,29
20,66,31
25,19,20
72,55,23
43,9,14
11,69,15
32,50,35
55,83,24
65,35,23
64,3,33
4,48,16
61,98,10
31,59,11
32,47,24
27,63,49
31,57,14
34,95,16
19,92,1
53,13,35
24,89,4
11,75,9
18,1,11
71,2,6
97,50,7
47,91,41
39,7,14
43,63,12
78,70,31
66,41,27
36,23,13
59,89,40
13,63,36
33,50,14
40,97,36
39,25,15
51,83,35
28,18,7
7,89,24
62,81,34
82,73,1
82,63,17
36,75,1
83,89,27
32,26,31
45,48,29
53,11,44
46,18,17
48,8,41
53,95,49
94,92,32
67,2,11
11,32,6
84,5,19
92,98,12
78,23,19
30,19,26
30,46,11
22,90,48
94,71,13
45,13,38
25,23,38
56,77,9
21,30,26
30,98,39
64,66,47
15,68,39
98,87,12
66,10,17
95,32,15
26,76,20
15,37,38
69,42,8
38,39,22
76,18,10
39,81,7
26,4,43
89,8,25
13,94,31
52,95,29
26,16,13
75,21,22
61,21,34
59,100,16
88,61,12
60,18,47
18,35,25
50,42,12
61,44,6
66,95,50
98,51,16
74,72,35
73,69,16
61,63,46
23,100,34
20,47,42
44,90,26
67,28,48
4,27,11
23,35,50
49,73,26
99,66,42
25,62,16
95,3,16
33,10,37
16,36,5
46,82,45
41,21,30
51,95,44
99,73,14
14,20,29
41,28,47
14,33,24
36,88,10
67,82,44
41,32,11
57,9,7
47,52,20
37,68,35
5,28,39
74,90,37
72,26,37
87,4,2
23,80,19
36,31,10
11,86,42
24,94,10
97,17,28
36,74,27
74,71,49
18,75,47
73,98,49
88,35,42
28,54,21
83,57,35
15,71,10
24,3,37
64,70,33
31,28,5
17,26,42
92,23,5
61,62,34
68,17,3
91,84,9
19,70,8
51,50,31
80,53,40
52,28,30
40,61,35
27,6,10
82,51,33
49,27,10
41,31,15
7,40,47
35,56,13
15,85,35
57,88,41
27,17,15
4,68,12
78,28,9
43,27,28
69,16,5
29,91,8
96,8,12
84,77,21
68,89,30
27,69,38
85,65,42
61,4,8
98,1,6
58,45,5
100,1,16
17,60,6
53,12,4
10,90,24
7,57,41
85,62,16
63,21,31
76,68,4
89,69,22
19,100,21
10,19,34
24,47,28
74,99,27
26,82,31
72,40,6
49,13,42
22,27,38
8,7,49
81,85,36
10,31,16
5,79,6
24,79,30
29,86,44
15,92,20
27,33,34
25,78,41
80,67,6
11,23,37
93,7,3
57,53,3
7,26,44
19,67,49
21,11,19
58,66,28
37,77,49
2,81,47
87,37,30
46,13,38
67,85,8
15,53,31
70,85,18
66,11,5
16,73,1
59,56,34
13,70,32
11,18,5
17,70,7
93,78,17
73,28,34
17,69,15
8,77,2
92,48,23
77,92,29
74,31,12
98,84,38
40,89,19
82,2,32
58,12,48
59,10,37
88,92,5
92,5,8
39,38,7
81,85,7
6,61,8
30,94,21
54,6,29
2,89,48
86,29,49
100,40,29
98,58,1
57,10,41
47,79,4
61,65,30
37,80,19
53,22,29
59,55,11
19,32,42
63,42,30
66,69,37
93,4,19
40,75,6
14,59,26
48,38,23
91,96,31
10,41,29
81,10,16
29,10,9
74,3,22
49,15,7
56,94,17
44,70,32
79,74,24
66,80,15
36,72,12
60,54,45
51,50,32
52,62,17
20,37,28
13,28,24
60,25,35
78,62,30
3,64,22
62,81,18
35,23,48
45,38,2
63,84,47
15,39,10
14,15,34
61,98,44
53,82,2
18,45,35
42,83,17
14,5,20
1,54,49
71,70,18
12,6,16
15,72,50
60,56,21
94,29,15
22,40,25
71,29,11
38,25,35
92,18,43
69,95,44
87,89,2
44,10,19
93,69,24
9,90,29
74,53,27
1,18,23
61,63,32
10,24,17
82,84,13
68,93,31
74,99,27
47,89,25
23,21,30
17,3,48
6,7,13
94,7,15
8,61,2
3,70,41
71,7,4
1,71,26
39,3,15
34,57,49
78,77,7
3,96,46
63,75,8
42,1,24
33,90,12
69,98,8
60,55,28
35,79,4
26,58,32
86,73,3
8,30,43
74,4,13
44,92,9
31,96,35
54,68,5
22,38,5
80,4,14
9,100,35
50,34,13
78,53,25
39,57,35
29,94,20
42,33,22
12,37,9
48,76,36
66,67,40
69,20,4
46,53,6
56,85,25
9,100,2
9,38,25
81,61,45
96,37,27
57,60,28
98,89,7
89,35,47
48,50,33
12,40,23
32,1,20
40,37,16
7,81,20
7,39,18
34,8,18
33,80,18
42,13,21
36,77,33
8,75,4
79,56,6
91,62,24
46,50,2
48,25,44
93,85,11
8,17,8
55,81,45
36,82,17
38,30,26
37,74,44
61,14,19
73,76,39
27,90,42
24,7,42
6,27,50
28,83,41
87,3,10
31,12,13
99,61,14
92,21,22
45,73,48
38,57,9
36,27,41
65,3,17
76,40,20
23,57,25
54,71,37
64,2,3
89,28,46
100,9,43
12,5,4
69,17,47
57,69,23
49,30,19
26,2,40
39,69,39
92,100,4
39,85,42
38,78,23
20,24,37
80,7,23
89,13,18
76,34,21
60,10,6
88,14,10
37,73,35
26,99,16
56,45,47
18,21,49
85,54,30
55,90,48
96,93,27
90,63,14
76,49,5
26,70,50
87,42,3
13,77,8
44,79,36
92,72,7
61,26,49
31,46,17
97,61,2
23,52,37
85,35,2
25,82,23
55,4,40
48,69,18
94,58,44
49,1,16
7,68,19
49,12,6
10,28,4
46,50,11
66,62,29
72,99,16
37,79,14
74,51,42
91,42,27
1,60,50
24,36,26
89,72,10
28,25,33
49,97,16
7,76,19
76,72,47
99,81,20
58,35,18
79,71,7
37,65,2
47,67,48
55,25,26
86,18,25
5,34,37
24,61,8
83,62,49
8,92,47
87,32,16
36,99,44
5,27,46
93,41,9
19,78,29
55,45,34
99,44,20
71,68,20
46,32,37
40,82,18
89,32,17
58,12,8
77,78,28
61,4,43
29,21,19
69,17,1
94,84,19
37,56,24
83,14,37
1,40,39
9,62,24
97,72,21
49,15,36
88,45,28
71,85,20
93,83,9
65,29,15
12,48,13
6,50,8
23,88,31
64,35,32
8,13,34
98,8,4
21,16,40
64,32,20
87,96,42
92,61,49
26,64,16
54,55,1
53,80,43
72,56,35
89,15,12
89,9,27
99,92,22
81,31,49
10,99,37
53,31,29
90,86,2
35,14,34
27,35,39
37,86,28
73,13,27
80,44,40
25,17,6
20,87,47
64,65,37
24,68,12
54,66,3
12,16,18
40,69,15
9,8,15
72,7,26
81,31,7
58,55,3
18,26,40
17,1,34
87,33,28
40,27,15
64,73,6
57,61,5
85,67,26
75,100,11
7,91,9
31,88,37
23,53,29
65,40,17
78,50,48
39,14,20
73,47,27
61,22,31
90,8,34
61,76,31
76,67,20
56,61,37
31,83,42
33,38,8
77,88,45
39,83,34
21,63,18
68,86,38
38,89,28
54,84,6
57,91,40
8,40,48
19,21,30
31,43,38
64,89,32
33,66,26
53,21,15
53,82,18
85,10,41
59,28,45
51,47,46
89,8,9
40,70,37
85,54,7
39,61,1
50,9,23
91,37,13
99,5,17
47,85,43
69,80,31
55,48,5
97,74,49
30,18,47
22,59,37
7,30,33
83,39,32
100,43,29
39,93,11
92,93,41
100,48,33
8,85,34
24,56,32
92,55,18
33,86,13
87,95,5
18,39,28
30,13,44
45,41,47
38,92,40
86,7,35
10,84,46
47,99,4
53,99,21
78,52,7
51,66,22
47,18,34
44,57,44
21,73,49
33,65,21
85,22,2
70,12,3
16,26,2
62,16,30
33,94,20
37,66,37
21,30,5
40,38,37
85,11,47
9,76,15
21,97,8
64,93,15
93,58,37
66,1,16
96,24,10
95,13,45
58,3,38
65,61,36
73,1,5
38,51,30
64,7,31
50,58,5
55,57,30
76,87,50
70,28,4
57,20,27
68,8,36
74,47,35
44,15,23
2,95,46
27,55,3
15,66,34
86,50,24
5,7,43
71,14,2
7,62,37
98,91,27
28,9,5
27,94,29
89,86,11
73,11,10
19,56,5
82,7,42
74,45,10
75,22,44
30,89,49
67,95,30
3,68,31
17,57,31
43,62,11
90,24,3
77,75,31
22,13,50
71,94,18
84,91,13
12,44,35
39,55,41
30,98,46
67,40,36
13,24,28
56,8,13
68,16,19
67,52,24
14,7,36
35,58,20
12,74,2
16,50,10
81,2,33
79,20,19
93,90,20
14,45,14
85,34,48
9,24,36
100,7,48
36,50,40
66,36,34
76,3,39
6,17,2
14,58,49
94,7,48
76,6,43
11,96,22
63,86,3
24,82,2
33,54,48
44,63,15
54,14,43
15,49,27
14,55,29
93,47,1
53,63,37
74,54,5
8,85,27
66,90,36
90,13,31
83,71,48
90,88,36
5,39,37
96,22,8
93,87,36
37,74,8
45,67,48
30,95,25
36,98,35
15,78,41
34,4,31
79,86,38
43,27,9
58,22,49
91,57,26
80,1,36
92,51,48
72,4,9
50,12,12
91,61,33
25,97,30
11,61,32
31,30,42
